index	seqName	clade	Nextclade_pango	partiallyAliased	clade_nextstrain	clade_who	clade_legacy	qc.overallScore	qc.overallStatus	totalSubstitutions	totalDeletions	totalInsertions	totalFrameShifts	totalMissing	totalNonACGTNs	totalAminoacidSubstitutions	totalAminoacidDeletions	totalAminoacidInsertions	totalUnknownAa	alignmentScore	alignmentStart	alignmentEnd	coverage	isReverseComplement	substitutions	deletions	insertions	frameShifts	aaSubstitutions	aaDeletions	aaInsertions	privateNucMutations.reversionSubstitutions	privateNucMutations.labeledSubstitutions	privateNucMutations.unlabeledSubstitutions	privateNucMutations.totalReversionSubstitutions	privateNucMutations.totalLabeledSubstitutions	privateNucMutations.totalUnlabeledSubstitutions	privateNucMutations.totalPrivateSubstitutions	missing	unknownAaRanges	nonACGTNs	qc.missingData.missingDataThreshold	qc.missingData.score	qc.missingData.status	qc.missingData.totalMissing	qc.mixedSites.mixedSitesThreshold	qc.mixedSites.score	qc.mixedSites.status	qc.mixedSites.totalMixedSites	qc.privateMutations.cutoff	qc.privateMutations.excess	qc.privateMutations.score	qc.privateMutations.status	qc.privateMutations.total	qc.snpClusters.clusteredSNPs	qc.snpClusters.score	qc.snpClusters.status	qc.snpClusters.totalSNPs	qc.frameShifts.frameShifts	qc.frameShifts.totalFrameShifts	qc.frameShifts.frameShiftsIgnored	qc.frameShifts.totalFrameShiftsIgnored	qc.frameShifts.score	qc.frameShifts.status	qc.stopCodons.stopCodons	qc.stopCodons.totalStopCodons	qc.stopCodons.score	qc.stopCodons.status	totalPcrPrimerChanges	pcrPrimerChanges	failedGenes	warnings	errors
0	B004578_bwa_30X	21K	BA.1.1	BA.1.1	21K	Omicron	21K (Omicron)	11495.810713	bad	2	0	0	0	29249	0	2	0	0	9561	89701	1	29903	0.021870715312844864	false	A28271T,C28311T				N:P13L,ORF9b:P10S						0	0	0	0	1-694,698-700,953-1871,1897-2879,2905-18405,18442-28103,28106,28362-28370,28427-29903	E:1-76,M:1-223,N:30-33,N:52-420,ORF1a:1-143,ORF1a:145,ORF1a:230-536,ORF1a:544-872,ORF1a:880-4401,ORF1b:1-1646,ORF1b:1659-2696,ORF3a:1-276,ORF6:1-62,ORF7a:1-122,ORF7b:1-44,ORF8:1-71,ORF9b:27-29,ORF9b:48-98,S:1-1274		3000	1072.185185	bad	29249	10	0	good	0	24	-8	0	good	0		0	good	0		0		0	0	good		0	0	good	1	USCDC_N1_P:C28311T			
0	B012421_bwa_30X																																																																								Unable to align: not enough matches. Details: number of seed matches: 0. This is likely due to a low quality of the provided sequence, or due to using incorrect reference sequence.
0	B018811_bwa_30X	23A	XBB.1.5	XBB.1.5	23A	Omicron	23A (Omicron)	8701.434787	bad	9	0	0	0	25486	0	6	0	0	8315	89673	1	29903	0.14771093201351035	false	T670G,C794T,A2903G,T14769C,T15939C,C17410T,A23403G,A28271T,C28311T				N:P13L,ORF1a:S135R,ORF1a:L177F,ORF1b:R1315C,ORF9b:P10S,S:D614G					C794T,A2903G,T14769C	0	0	3	3	1-663,1015-1871,1897-2880,2905-3213,3215,3434-3449,3455-5057,5076,5078-5090,5117-5141,5143-5164,5166-5169,5173-5174,5189-5191,5261-7360,7573-7574,7598-7608,7630-11056,11288-11296,11336-11581,11930-14006,14201-14596,14886-14898,14905-15843,16184-16185,16190-16461,16796-16804,16807-17149,17427-18273,18665-20844,21091-23162,23515-28089,28362-28370,28450-29903	E:1-76,M:1-223,N:30-33,N:59-420,ORF1a:1-133,ORF1a:250-536,ORF1a:544-872,ORF1a:880-984,ORF1a:1057-1062,ORF1a:1064-1598,ORF1a:1604-1609,ORF1a:1618-1637,ORF1a:1642,ORF1a:1666-2365,ORF1a:2436-2437,ORF1a:2445-2448,ORF1a:2455-3597,ORF1a:3675-3677,ORF1a:3691-3772,ORF1a:3889-4401,ORF1b:1-180,ORF1b:245-377,ORF1b:473-477,ORF1b:480-792,ORF1b:906,ORF1b:908-998,ORF1b:1110-1228,ORF1b:1320-1602,ORF1b:1733-2459,ORF1b:2542-2696,ORF3a:1-276,ORF6:1-62,ORF7a:1-122,ORF7b:1-44,ORF8:1-66,ORF9b:27-29,ORF9b:56-98,S:1-534,S:651-1274		3000	932.814815	bad	25486	10	0	good	0	24	-5	0	good	3		0	good	0		0		0	0	good		0	0	good	1	USCDC_N1_P:C28311T			
0	B028602_bwa_30X																																																																								Unable to align: not enough matches. Details: number of seed matches: 0. This is likely due to a low quality of the provided sequence, or due to using incorrect reference sequence.
0	B028645_bwa_30X																																																																								Unable to align: not enough matches. Details: number of seed matches: 0. This is likely due to a low quality of the provided sequence, or due to using incorrect reference sequence.
0	B032506_bwa_30X	23A	XBB.1.5	XBB.1.5	23A	Omicron	23A (Omicron)	9903.935528	bad	10	0	0	0	27170	0	7	0	0	8839	89669	1	29903	0.09139551215597097	false	A405G,T670G,A2903G,A18163G,C18486T,C26577G,G26709A,C26858T,A28271T,C28311T				M:Q19E,M:A63T,N:P13L,ORF1a:K47R,ORF1a:S135R,ORF1b:I1566V,ORF9b:P10S					A2903G,C18486T	0	0	2	2	1-353,699-1871,1897-2880,2905-5357,5366,5396-5454,5467,5529-5541,5586-13027,13378-13660,13693-13709,13713-13717,13768-13772,13775-13778,13780-13805,13896-15844,15852-15872,15875-17175,17227-17230,17238-17252,17260-17284,17297-17298,17300-17976,18663-26541,26543-26545,26864-28182,28362-28370,28735-28756,28765-29667,29670-29674,29687-29903	E:1-76,M:1-8,M:114-223,N:30-33,N:154-161,N:164-420,ORF1a:1-30,ORF1a:145-536,ORF1a:544-872,ORF1a:880-1698,ORF1a:1701,ORF1a:1711-1730,ORF1a:1734,ORF1a:1755-1759,ORF1a:1774-4254,ORF1a:4371-4401,ORF1b:1-65,ORF1b:76-84,ORF1b:101-113,ORF1b:143-793,ORF1b:795-1236,ORF1b:1254-1255,ORF1b:1257-1262,ORF1b:1265-1273,ORF1b:1277-1503,ORF1b:1732-2696,ORF3a:1-276,ORF6:1-62,ORF7a:1-122,ORF7b:1-44,ORF8:1-97,ORF9b:27-29,S:1-1274		3000	995.185185	bad	27170	10	0	good	0	24	-6	0	good	2		0	good	0		0		0	0	good		0	0	good	1	USCDC_N1_P:C28311T			
0	B032508_bwa_30X	23A	XBB.1.5.6	XBB.1.5.6	23A	Omicron	23A (Omicron)	169.995199	bad	60	0	0	0	3755	0	39	0	0	1162	89469	1	29903	0.8744273149851185	false	A405G,T670G,C2790T,C3037T,G4184A,C4321T,C9344T,A9424G,C9534T,A9689G,C9866T,C10029T,G10447A,C10449A,C12880T,C14408T,G15451A,C15714T,C15738T,T15939C,T16342C,T17124C,C17410T,T17859C,A18163G,C18486T,A19326G,C19955T,A20055G,C21618T,T21810C,G21987A,A23403G,C23525T,T23599G,C23604A,C23854A,G23948T,G24416A,A24424T,T24469A,C25000T,C25416T,C25584T,C26060T,C26270T,A26275G,C26577G,G26709A,C26858T,A27259C,G27382C,A27383T,T27384C,A28271T,C28311T,G28881A,G28882A,G28883C,A29510C				E:T9I,E:T11A,M:Q19E,M:A63T,N:P13L,N:R203K,N:G204R,N:S413R,ORF1a:K47R,ORF1a:S135R,ORF1a:T842I,ORF1a:G1307S,ORF1a:L3027F,ORF1a:T3090I,ORF1a:I3142V,ORF1a:L3201F,ORF1a:T3255I,ORF1a:P3395H,ORF1b:P314L,ORF1b:G662S,ORF1b:S959P,ORF1b:R1315C,ORF1b:I1566V,ORF1b:T2163I,ORF3a:T223I,ORF6:D61L,ORF9b:P10S,S:T19I,S:V83A,S:G142D,S:D614G,S:H655Y,S:N679K,S:P681H,S:N764K,S:D796Y,S:V952I,S:Q954H,S:N969K			T44C,A22000C		A9689G,C18486T	2	0	2	4	1-39,76-129,169-170,187-330,1240,1242-1249,1958-2218,2583-2593,3744-3780,4416-4656,7018,7028-7042,8646-8938,10164-10293,10308-10373,11288-11296,19291,19367-19454,19464-19482,19540-19548,20185-20186,20196-20197,20203-20486,20632-20634,20636-20653,20670-20677,20770-20773,21633-21641,21991-21997,22012-22423,22433-22466,22485-22507,22535-23131,23791-23800,25663-25741,25768-25769,25778-25783,25832-25858,25865-25915,27520-28089,28363-28370,29734-29903	N:30-33,ORF1a:1-22,ORF1a:325-328,ORF1a:565-651,ORF1a:773-776,ORF1a:1160-1172,ORF1a:1384-1464,ORF1a:2251,ORF1a:2255-2259,ORF1a:2794-2891,ORF1a:3300-3343,ORF1a:3348-3370,ORF1a:3675-3677,ORF1b:1942,ORF1b:1967-1996,ORF1b:1999-2005,ORF1b:2025-2027,ORF1b:2240,ORF1b:2243-2244,ORF1b:2246-2340,ORF1b:2389-2396,ORF1b:2401-2404,ORF1b:2435-2436,ORF3a:91-117,ORF3a:126,ORF3a:129-131,ORF3a:147-156,ORF3a:158-175,ORF7a:43-122,ORF7b:1-44,ORF8:1-66,ORF9b:27-29,S:24-27,S:143-145,S:150-287,S:291-302,S:308-315,S:325-523,S:743-746		3000	127.962963	bad	3755	10	0	good	0	24	6	25	good	14		0	good	0		0		0	0	good		0	0	good	7	Charité_RdRp_F:G15451A,Charité_E_F:C26270T;A26275G,ChinaCDC_N_F:G28881A;G28882A;G28883C,USCDC_N1_P:C28311T			
0	B032520_bwa_30X	22E	BQ.1.2	BA.5.3.1.1.1.1.1.2	22E	Omicron	22E (Omicron)	64.259345	mediocre	59	0	0	0	2390	0	43	0	0	756	89473	1	29903	0.9200749088720195	false	C241T,T670G,C1931A,C2790T,T2954C,C3037T,G4184A,G4255A,C4321T,T8583C,C9344T,A9424G,C9534T,C10029T,G10447A,C10449A,C11750T,G12160A,C12880T,T14257C,C14408T,C15714T,G16935A,C17410T,A18163G,C19955T,A20055G,C21618T,G21987A,A22001G,G22578A,G22599C,A23403G,C23525T,A23558G,T23599G,C23604A,C23854A,G23948T,A24424T,T24469A,C25000T,C25584T,C26060T,C26270T,G26529A,C26577G,G26709A,G26951C,C27476T,C28163A,A28271T,C28311T,C28312T,G28681T,G28881A,G28882A,G28883C,A29510C				E:T9I,M:D3N,M:Q19E,M:A63T,N:P13L,N:E136D,N:R203K,N:G204R,N:S413R,ORF1a:S135R,ORF1a:Q556K,ORF1a:T842I,ORF1a:G1307S,ORF1a:L2773S,ORF1a:L3027F,ORF1a:T3090I,ORF1a:T3255I,ORF1a:P3395H,ORF1a:L3829F,ORF1b:Y264H,ORF1b:P314L,ORF1b:M1156I,ORF1b:R1315C,ORF1b:I1566V,ORF1b:T2163I,ORF3a:T223I,ORF7a:T28I,ORF8:C90*,ORF9b:P10F,S:T19I,S:G142D,S:K147E,S:G339D,S:R346T,S:D614G,S:H655Y,S:I666V,S:N679K,S:P681H,S:N764K,S:D796Y,S:Q954H,S:N969K				A22001G|22D,G22599C|22E&22B&22D&22A&23A&22F	G4255A,T8583C,G26951C,C27476T,C28163A	0	2	5	7	1-38,77-101,104-108,201-202,320-325,509-516,4425-4654,8651-8919,10165-10373,11288-11296,19519,19523-19558,20246-20388,20443-20480,21633-21641,21765-21770,22027-22272,22619-23129,27562-27711,27723-27724,27728-27730,27752-28089,28363-28370,29734-29759,29832-29903	N:30-33,ORF1a:19-20,ORF1a:82-84,ORF1a:1387-1463,ORF1a:2796-2885,ORF1a:3300-3370,ORF1a:3675-3677,ORF1b:2018-2031,ORF1b:2260-2307,ORF1b:2326-2338,ORF7a:57-106,ORF7a:110-113,ORF7a:120-122,ORF7b:1-44,ORF8:1-66,ORF9b:27-29,S:24-27,S:68-70,S:155-237,S:353-523		3000	77.407407	mediocre	2390	10	0	good	0	24	5	20.833333	good	13		0	good	0		0		0	0	good		0	0	good	7	Charité_E_F:C26270T,ChinaCDC_N_F:G28881A;G28882A;G28883C,USCDC_N1_P:C28311T;C28312T,USCDC_N3_F:G28681T			
0	B032521_bwa_30X	22E	BQ.1.2	BA.5.3.1.1.1.1.1.2	22E	Omicron	22E (Omicron)	83.659057	mediocre	57	0	0	0	2767	0	41	0	0	830	89481	1	29903	0.9074674781794468	false	T670G,C1931A,C2790T,T2954C,C3037T,G4184A,G4255A,C4321T,T8583C,C9344T,A9424G,C9534T,C10029T,C10198T,G10447A,C10449A,C11750T,G12160A,C12880T,T14257C,C14408T,C15714T,G16935A,C17410T,A18163G,C19955T,A20055G,C21618T,G21987A,A22001G,A23403G,C23525T,A23558G,T23599G,C23604A,C23854A,G23948T,A24424T,T24469A,C25000T,C25584T,C26060T,C26270T,G26529A,C26577G,G26709A,G26951C,C27476T,C28163A,A28271T,C28311T,C28312T,G28681T,G28881A,G28882A,G28883C,A29510C				E:T9I,M:D3N,M:Q19E,M:A63T,N:P13L,N:E136D,N:R203K,N:G204R,N:S413R,ORF1a:S135R,ORF1a:Q556K,ORF1a:T842I,ORF1a:G1307S,ORF1a:L2773S,ORF1a:L3027F,ORF1a:T3090I,ORF1a:T3255I,ORF1a:P3395H,ORF1a:L3829F,ORF1b:Y264H,ORF1b:P314L,ORF1b:M1156I,ORF1b:R1315C,ORF1b:I1566V,ORF1b:T2163I,ORF3a:T223I,ORF7a:T28I,ORF8:C90*,ORF9b:P10F,S:T19I,S:G142D,S:K147E,S:D614G,S:H655Y,S:I666V,S:N679K,S:P681H,S:N764K,S:D796Y,S:Q954H,S:N969K				A22001G|22D	G4255A,T8583C,G26951C,C27476T,C28163A	0	1	5	6	1-39,76-330,509-516,4418-4656,8651-8928,11288-11296,19286-19449,19454,19478-19487,19490-19559,20241-20480,21633-21641,21765-21770,22029-22278,22572-23129,27528-27545,27553,27572,27580-28089,28362-28370,29734-29759,29838-29903	N:30-33,ORF1a:1-22,ORF1a:82-84,ORF1a:1385-1464,ORF1a:2796-2888,ORF1a:3675-3677,ORF1b:1940-1994,ORF1b:1996,ORF1b:2004-2031,ORF1b:2258-2338,ORF7a:45-51,ORF7a:54,ORF7a:60,ORF7a:63-122,ORF7b:1-44,ORF8:1-66,ORF9b:27-29,S:24-27,S:68-70,S:156-239,S:337-523		3000	91.370370	mediocre	2767	10	0	good	0	24	1	4.166667	good	9		0	good	0		0		0	0	good		0	0	good	7	Charité_E_F:C26270T,ChinaCDC_N_F:G28881A;G28882A;G28883C,USCDC_N1_P:C28311T;C28312T,USCDC_N3_F:G28681T			
0	B032535_bwa_30X	23A	XBB.1.5.6	XBB.1.5.6	23A	Omicron	23A (Omicron)	40.896917	mediocre	66	0	0	0	2023	0	44	0	0	638	89445	1	29903	0.9323479249573622	false	C241T,A405G,T670G,C2790T,C3037T,G4184A,C4321T,C9344T,A9424G,C9534T,A9689G,C9866T,C10029T,G10447A,C10449A,C12880T,C14408T,G15451A,C15714T,C15738T,T15939C,T16342C,T17124C,C17410T,T17859C,A18163G,C19955T,A20055G,C21618T,T21810C,G21987A,C22000A,C22109G,T22200A,G22317T,A23403G,C23525T,T23599G,C23604A,C23854A,G23948T,G24416A,A24424T,T24469A,C25000T,C25416T,C25584T,C26060T,C26270T,A26275G,C26577G,G26709A,C26776T,C26858T,A27259C,G27382C,A27383T,T27384C,C27807T,A28271T,C28311T,A28624G,G28881A,G28882A,G28883C,A29510C				E:T9I,E:T11A,M:Q19E,M:A63T,M:A85V,N:P13L,N:R203K,N:G204R,N:S413R,ORF1a:K47R,ORF1a:S135R,ORF1a:T842I,ORF1a:G1307S,ORF1a:L3027F,ORF1a:T3090I,ORF1a:I3142V,ORF1a:L3201F,ORF1a:T3255I,ORF1a:P3395H,ORF1b:P314L,ORF1b:G662S,ORF1b:S959P,ORF1b:R1315C,ORF1b:I1566V,ORF1b:T2163I,ORF3a:T223I,ORF6:D61L,ORF9b:P10S,S:T19I,S:V83A,S:G142D,S:H146Q,S:Q183E,S:V213E,S:G252V,S:D614G,S:H655Y,S:N679K,S:P681H,S:N764K,S:D796Y,S:V952I,S:Q954H,S:N969K			T44C		A9689G,C26776T,A28624G	1	0	3	4	1-17,76-131,2503-2506,3769-3778,4434-4654,10164-10205,10211-10215,10250-10251,10254-10260,10285-10304,10368,11288-11296,14920-14924,19286-19559,20059-20074,20089-20092,20097-20098,20101-20105,20120-20136,20175,20471-20479,21162-21193,21200-21217,21241-21281,21285-21303,21310,21318-21324,21355-21364,21633-21641,21991-21993,22334-22374,22383-22414,22422-22423,22425-22429,22431-22494,22522-22526,22532-23130,23781-23798,24982-24987,27836-28089,28362-28370,29734-29759,29809-29903	N:30-33,ORF1a:746-747,ORF1a:1168-1171,ORF1a:1390-1463,ORF1a:3300-3314,ORF1a:3316-3317,ORF1a:3329-3332,ORF1a:3340-3347,ORF1a:3368,ORF1a:3675-3677,ORF1b:485-486,ORF1b:1940-2031,ORF1b:2198-2203,ORF1b:2208-2213,ORF1b:2218-2223,ORF1b:2236,ORF1b:2335-2338,ORF1b:2565-2576,ORF1b:2578-2584,ORF1b:2592-2612,ORF1b:2615,ORF1b:2617-2619,ORF1b:2630-2633,ORF7b:27-44,ORF8:1-66,ORF9b:27-29,S:24-27,S:143-144,S:258-271,S:274-284,S:287-311,S:320-322,S:324-523,S:740-746,S:1140-1142		3000	63.814815	mediocre	2023	10	0	good	0	24	1	4.166667	good	9		0	good	0		0		0	0	good		0	0	good	7	Charité_RdRp_F:G15451A,Charité_E_F:C26270T;A26275G,ChinaCDC_N_F:G28881A;G28882A;G28883C,USCDC_N1_P:C28311T			
0	B032548_bwa_30X	22F	XBB.1	XBB.1	22F	Omicron	22F (Omicron)	2919.140401	bad	31	0	0	0	14877	0	24	0	0	4872	89585	1	29903	0.5024913888238638	false	A405G,T670G,A2903G,G4184A,C9866T,C10029T,G10447A,C10449A,C12880T,C14408T,G15451A,T15939C,C17410T,T17859C,A18163G,C21618T,A23403G,G23948T,A24424T,T24469A,C26270T,A26275G,C26577G,G26709A,C26858T,A28271T,C28311T,G28881A,G28882A,G28883C,A29510C				E:T9I,E:T11A,M:Q19E,M:A63T,N:P13L,N:R203K,N:G204R,N:S413R,ORF1a:K47R,ORF1a:S135R,ORF1a:G1307S,ORF1a:L3201F,ORF1a:T3255I,ORF1a:P3395H,ORF1b:P314L,ORF1b:G662S,ORF1b:R1315C,ORF1b:I1566V,ORF9b:P10S,S:T19I,S:D614G,S:D796Y,S:Q954H,S:N969K			T44C,T25000C		A2903G	2	0	1	3	1-38,76-338,1633-1871,1897-2880,2905-3152,3521-4154,4158-4161,4257-4956,5314-5569,5947-6288,6298-6741,7044-7318,7687-7958,8334-8973,9185-9809,10155-10373,10755-11006,11288-11296,11388-11563,12294-12299,12407-12772,13378-13630,14915-15184,15553-15827,16199-16425,16826-17073,18665-18904,19262-19663,19904-20795,21161-21398,21633-21641,21733-23129,23517-23877,24113-24403,24908-24991,25362-26233,26889-27040,27205-28088,28363-28370,28457-28685,29026-29346,29359-29363,29677-29903	M:123-173,N:30-33,N:62-138,N:251-358,N:362-364,ORF1a:1-25,ORF1a:456-536,ORF1a:544-872,ORF1a:880-963,ORF1a:1086-1299,ORF1a:1331-1564,ORF1a:1683-1768,ORF1a:1894-2008,ORF1a:2011-2159,ORF1a:2260-2351,ORF1a:2474-2565,ORF1a:2690-2903,ORF1a:2974-3182,ORF1a:3297-3370,ORF1a:3497-3581,ORF1a:3675-3677,ORF1a:3708-3766,ORF1a:4010-4012,ORF1a:4048-4169,ORF1a:4371-4401,ORF1b:1-55,ORF1b:483-573,ORF1b:696-787,ORF1b:911-986,ORF1b:1120-1202,ORF1b:1733-1813,ORF1b:1932-2066,ORF1b:2146-2443,ORF1b:2565-2644,ORF3a:1-276,ORF6:2-62,ORF7a:1-122,ORF7b:1-44,ORF8:1-65,ORF9b:27-29,ORF9b:58-98,S:24-27,S:57-523,S:652-772,S:851-947,S:1116-1143,S:1267-1274		3000	539.888889	bad	14877	10	0	good	0	24	5	20.833333	good	13		0	good	0		0		0	0	good		0	0	good	7	Charité_RdRp_F:G15451A,Charité_E_F:C26270T;A26275G,ChinaCDC_N_F:G28881A;G28882A;G28883C,USCDC_N1_P:C28311T			
0	D004572_bwa_30X																																																																								Unable to align: not enough matches. Details: number of seed matches: 0. This is likely due to a low quality of the provided sequence, or due to using incorrect reference sequence.
0	D004590_bwa_30X	23A	XBB.1.5	XBB.1.5	23A	Omicron	23A (Omicron)	5805.875569	bad	18	0	0	0	20873	0	13	0	0	6794	89637	1	29903	0.3019763903287296	false	T670G,A3396G,C8043T,C10029T,G10447A,C10449A,C12880T,G15451A,T15939C,T17124C,C17410T,T17859C,C21618T,A23403G,A24424T,T24469A,A28271T,C28311T				N:P13L,ORF1a:S135R,ORF1a:D1044G,ORF1a:A2593V,ORF1a:T3255I,ORF1a:P3395H,ORF1b:G662S,ORF1b:R1315C,ORF9b:P10S,S:T19I,S:D614G,S:Q954H,S:N969K					A3396G,C8043T	0	0	2	2	1-653,1020-1330,1568-1871,1897-2879,2905-3156,3518-4976,5296-5574,5945-7322,7682-7965,8327-9873,10139-10378,10749-11009,11288-11296,11386-11567,11938-12162,12454-12866,12871-12876,13022-13931,14287-14556,14915-15194,15516-15833,16198-16440,16823-17073,17442-17694,18026-18266,18665-20795,21158-21471,21484-21489,21543-21551,21633-21641,21706-23129,23517-24412,24768-26282,26340-26341,26346-26470,26479,26488-26494,26502-26517,26526-27040,27195-28089,28363-28370,28456-29903	E:1-13,E:32-76,M:2-173,N:30-33,N:61-420,ORF1a:1-130,ORF1a:252-355,ORF1a:435-536,ORF1a:544-872,ORF1a:880-964,ORF1a:1085-1571,ORF1a:1677-1770,ORF1a:1894-2353,ORF1a:2473-2567,ORF1a:2688-3203,ORF1a:3292-3371,ORF1a:3495-3582,ORF1a:3675-3677,ORF1a:3707-3768,ORF1a:3891-3966,ORF1a:4063-4204,ORF1a:4253-4401,ORF1b:1-155,ORF1b:274-363,ORF1b:483-576,ORF1b:683-789,ORF1b:911-991,ORF1b:1119-1202,ORF1b:1325-1409,ORF1b:1520-1600,ORF1b:1733-2443,ORF1b:2564-2668,ORF1b:2673-2674,ORF1b:2692-2695,ORF3a:1-276,ORF6:1-62,ORF7a:1-122,ORF7b:1-44,ORF8:1-66,ORF9b:27-29,ORF9b:58-98,S:24-27,S:48-523,S:652-950,S:1069-1274		3000	761.962963	bad	20873	10	0	good	0	24	-6	0	good	2		0	good	0		0		0	0	good		0	0	good	2	Charité_RdRp_F:G15451A,USCDC_N1_P:C28311T			
0	E01825_bwa_30X																																																																								Unable to align: not enough matches. Details: number of seed matches: 0. This is likely due to a low quality of the provided sequence, or due to using incorrect reference sequence.
0	E018786_bwa_30X	23A	XBB.1.5	XBB.1.5	23A	Omicron	23A (Omicron)	25.777174	good	75	34	0	0	1334	0	48	12	0	364	89300	1	29903	0.9553890913955122	false	A405G,T670G,C1780T,C2790T,C3037T,G4184A,C4321T,C9344T,A9424G,C9534T,C9866T,C10029T,C10198T,G10447A,C10449A,C12049T,C12880T,C14408T,G15451A,C15714T,C15738T,T15939C,T16342C,T17124C,C17410T,T17859C,A18163G,A19326G,C19955T,A20055G,C21618T,G21800C,T21810C,G21987A,C22000A,C22109G,T22200A,G22317T,G22577C,G22578A,G22599C,A23055G,A23063T,T23075C,A23403G,C23525T,T23599G,C23604A,C23854A,G23948T,A24409G,A24424T,T24469A,C25000T,C25416T,C25584T,C26060T,C26270T,A26275G,C26577G,G26709A,C26858T,A27259C,G27382C,A27383T,T27384C,C27610T,C27807T,A28271T,C28311T,C28603T,G28881A,G28882A,G28883C,A29510C	27733-27766			E:T9I,E:T11A,M:Q19E,M:A63T,N:P13L,N:R203K,N:G204R,N:S413R,ORF1a:K47R,ORF1a:S135R,ORF1a:T842I,ORF1a:G1307S,ORF1a:L3027F,ORF1a:T3090I,ORF1a:L3201F,ORF1a:T3255I,ORF1a:P3395H,ORF1b:P314L,ORF1b:G662S,ORF1b:S959P,ORF1b:R1315C,ORF1b:I1566V,ORF1b:T2163I,ORF3a:T223I,ORF6:D61L,ORF7a:H73Y,ORF9b:P10S,S:T19I,S:D80H,S:V83A,S:G142D,S:H146Q,S:Q183E,S:V213E,S:G252V,S:G339H,S:R346T,S:Q498R,S:N501Y,S:Y505H,S:D614G,S:H655Y,S:N679K,S:P681H,S:N764K,S:D796Y,S:Q954H,S:N969K	ORF7a:F114-,ORF7a:T115-,ORF7a:L116-,ORF7a:K117-,ORF7a:R118-,ORF7a:K119-,ORF7a:T120-,ORF7a:E121-,ORF7a:*122-,ORF7b:M1-,ORF7b:I2-,ORF7b:E3-		T44C	C12049T|21E	C1780T,G21800C,A24409G,C27610T,C28603T	1	1	5	7	1-38,77-113,158-330,4434-4649,8656-8687,8860-8879,8891-8893,11288-11296,21633-21641,21991-21993,22626-22946,22957-23041,23045-23052,23105-23128,27834-28088,28363-28370,29734-29759,29837-29903	N:30-33,ORF1a:1-22,ORF1a:1390-1462,ORF1a:2797-2808,ORF1a:2865-2872,ORF1a:2876,ORF1a:3675-3677,ORF7b:4,ORF7b:27-44,ORF8:1-65,ORF9b:27-29,S:24-27,S:143-144,S:355-462,S:465-493,S:495-497,S:515-522		3000	38.296296	mediocre	1334	10	0	good	0	24	8	33.333333	mediocre	16		0	good	0		0		0	0	good		0	0	good	7	Charité_RdRp_F:G15451A,Charité_E_F:C26270T;A26275G,ChinaCDC_N_F:G28881A;G28882A;G28883C,USCDC_N1_P:C28311T			
0	E018826_bwa_30X																																																																								Unable to align: not enough matches. Details: number of seed matches: 0. This is likely due to a low quality of the provided sequence, or due to using incorrect reference sequence.
0	E018893_bwa_30X	21L	BA.2.76.1	BA.2.76.1	21L	Omicron	21L (Omicron)	11249.352112	bad	2	0	0	0	28937	0	1	0	0	9499	89701	1	29903	0.03230445105842223	false	T670G,C18555T				ORF1a:S135R						0	0	0	0	1-353,508-516,709-1871,1897-2879,2905-13060,13369-13660,13685-18390,18629-29903	E:1-76,M:1-223,N:1-420,ORF1a:1-30,ORF1a:81-84,ORF1a:148-536,ORF1a:544-872,ORF1a:880-4265,ORF1a:4368-4401,ORF1b:1-65,ORF1b:73-1641,ORF1b:1721-2696,ORF3a:1-276,ORF6:1-62,ORF7a:1-122,ORF7b:1-44,ORF8:1-122,ORF9b:1-98,S:1-1274		3000	1060.629630	bad	28937	10	0	good	0	24	-8	0	good	0		0	good	0		0		0	0	good		0	0	good	0				
0	E018995_bwa_30X																																																																								Unable to align: not enough matches. Details: number of seed matches: 0. This is likely due to a low quality of the provided sequence, or due to using incorrect reference sequence.
0	E018997_bwa_30X																																																																								Unable to align: not enough matches. Details: number of seed matches: 0. This is likely due to a low quality of the provided sequence, or due to using incorrect reference sequence.
0	EQA01_bwa_30X																																																																								Unable to align: not enough matches. Details: number of seed matches: 0. This is likely due to a low quality of the provided sequence, or due to using incorrect reference sequence.
0	EQA02_bwa_30X																																																																								Unable to align: not enough matches. Details: number of seed matches: 0. This is likely due to a low quality of the provided sequence, or due to using incorrect reference sequence.
0	EQA03_bwa_30X																																																																								Unable to align: not enough matches. Details: number of seed matches: 0. This is likely due to a low quality of the provided sequence, or due to using incorrect reference sequence.
0	EQA04_bwa_30X																																																																								Unable to align: not enough matches. Details: number of seed matches: 0. This is likely due to a low quality of the provided sequence, or due to using incorrect reference sequence.
0	EQA05_bwa_30X																																																																								Unable to align: not enough matches. Details: number of seed matches: 0. This is likely due to a low quality of the provided sequence, or due to using incorrect reference sequence.
